unit_id,name,age,version,concept_path,portrait_path,icon_path,provider,source_url,concept_source_url,portrait_source_url,width,height,portrait_width,portrait_height,alpha_check,status,revision_required
age1_melee,石棒战士,age1,v01,age1/age1_melee/unit_age1_melee_concept_preview_v01.png,age1/age1_melee/unit_age1_melee_portrait_preview_v01.png,,Canva,https://www.canva.com/M/MAHWdoreYUc?utm_source=OC-AaBlKrqBJJNF&utm_campaign=agent_connector_create_image_asset_opened,,https://www.canva.com/M/MAHWdijefgo?utm_source=OC-AaBlKrqBJJNF&utm_campaign=agent_connector_image_remove_background_asset_opened,200,200,200,200,通过：存在透明像素,概念与透明预览已保存,
age1_range,投石猎手,age1,v01,age1/age1_range/unit_age1_range_concept_preview_v01.png,age1/age1_range/unit_age1_range_portrait_preview_v01.png,,Canva,https://www.canva.com/M/MAHWe4iCiKw?utm_source=OC-AaBlKrqBJJNF&utm_campaign=agent_connector_create_image_asset_opened,,https://www.canva.com/M/MAHWfJVoUIU?utm_source=OC-AaBlKrqBJJNF&utm_campaign=agent_connector_image_remove_background_asset_opened,200,200,200,200,通过：存在透明像素,概念与透明预览已保存,
age1_heavy,猛犸骑手,age1,v01,age1/age1_heavy/unit_age1_heavy_concept_preview_v01.png,age1/age1_heavy/unit_age1_heavy_portrait_preview_v01.png,,Canva,https://www.canva.com/M/MAHWe-RNWNs?utm_source=OC-AaBlKrqBJJNF&utm_campaign=agent_connector_create_image_asset_opened,,https://www.canva.com/M/MAHWkX4Ymtg?utm_source=OC-AaBlKrqBJJNF&utm_campaign=agent_connector_image_remove_background_asset_opened,200,200,200,200,通过：存在透明像素,概念与透明预览已保存,
age1_spear,骨矛猎手,age1,v01,age1/age1_spear/unit_age1_spear_concept_preview_v01.png,age1/age1_spear/unit_age1_spear_portrait_preview_v01.png,,Canva,https://www.canva.com/M/MAHWe_EBFUs?utm_source=OC-AaBlKrqBJJNF&utm_campaign=agent_connector_create_image_asset_opened,,https://www.canva.com/M/MAHWkdq9keU?utm_source=OC-AaBlKrqBJJNF&utm_campaign=agent_connector_image_remove_background_asset_opened,200,200,200,200,通过：存在透明像素,概念与透明预览已保存,
age1_fire,火罐投手,age1,v01,age1/age1_fire/unit_age1_fire_concept_preview_v01.png,age1/age1_fire/unit_age1_fire_portrait_preview_v01.png,,Canva,https://www.canva.com/M/MAHWezsxvG8?utm_source=OC-AaBlKrqBJJNF&utm_campaign=agent_connector_create_image_asset_opened,,https://www.canva.com/M/MAHWkWuSj5g?utm_source=OC-AaBlKrqBJJNF&utm_campaign=agent_connector_image_remove_background_asset_opened,200,200,200,200,通过：存在透明像素,概念与透明预览已保存,
age1_support,图腾鼓手,age1,v02,age1/age1_support/unit_age1_support_concept_preview_v01.png,,,Canva,https://www.canva.com/M/MAHWe-q77p4?utm_source=OC-AaBlKrqBJJNF&utm_campaign=agent_connector_create_image_asset_opened,,,200,200,,,概念图，无透明要求,概念预览已保存；待重绘,True
age2_melee,剑盾士兵,age2,v01,age2/age2_melee/unit_age2_melee_concept_preview_v01.png,age2/age2_melee/unit_age2_melee_portrait_preview_v01.png,,Canva,https://www.canva.com/M/MAHWe2dT8ts?utm_source=OC-AaBlKrqBJJNF&utm_campaign=agent_connector_create_image_asset_opened,https://www.canva.com/M/MAHWe2dT8ts?utm_source=OC-AaBlKrqBJJNF&utm_campaign=agent_connector_create_image_asset_opened,https://www.canva.com/M/MAHWkVRVC-E?utm_source=OC-AaBlKrqBJJNF&utm_campaign=agent_connector_image_remove_background_asset_opened,200,200,200,200,通过：存在透明像素,概念与透明预览已保存,
age2_range,长弓手,age2,v01,age2/age2_range/unit_age2_range_concept_preview_v01.png,age2/age2_range/unit_age2_range_portrait_preview_v01.png,,Canva,https://www.canva.com/M/MAHWe7GSxcA?utm_source=OC-AaBlKrqBJJNF&utm_campaign=agent_connector_create_image_asset_opened,https://www.canva.com/M/MAHWe7GSxcA?utm_source=OC-AaBlKrqBJJNF&utm_campaign=agent_connector_create_image_asset_opened,https://www.canva.com/M/MAHWkWMGJRg?utm_source=OC-AaBlKrqBJJNF&utm_campaign=agent_connector_image_remove_background_asset_opened,200,200,200,200,通过：存在透明像素,概念与透明预览已保存,
age2_heavy,重甲枪兵,age2,v01,age2/age2_heavy/unit_age2_heavy_concept_preview_v01.png,age2/age2_heavy/unit_age2_heavy_portrait_preview_v01.png,,Canva,https://www.canva.com/M/MAHWewVFWIE?utm_source=OC-AaBlKrqBJJNF&utm_campaign=agent_connector_create_image_asset_opened,https://www.canva.com/M/MAHWewVFWIE?utm_source=OC-AaBlKrqBJJNF&utm_campaign=agent_connector_create_image_asset_opened,https://www.canva.com/M/MAHWkYWn5xY?utm_source=OC-AaBlKrqBJJNF&utm_campaign=agent_connector_image_remove_background_asset_opened,200,200,200,200,通过：存在透明像素,概念与透明预览已保存,
age2_ballista,弩车手,age2,v01,age2/age2_ballista/unit_age2_ballista_concept_preview_v01.png,,,Canva,https://www.canva.com/M/MAHWe6_M4ng?utm_source=OC-AaBlKrqBJJNF&utm_campaign=agent_connector_create_image_asset_opened,https://www.canva.com/M/MAHWe6_M4ng?utm_source=OC-AaBlKrqBJJNF&utm_campaign=agent_connector_create_image_asset_opened,,200,200,,,未检查,概念预览已保存；待重绘,True
age2_chariot,战车突袭兵,age2,v01,age2/age2_chariot/unit_age2_chariot_concept_preview_v01.png,,,Canva,https://www.canva.com/M/MAHWe465YpE?utm_source=OC-AaBlKrqBJJNF&utm_campaign=agent_connector_create_image_asset_opened,https://www.canva.com/M/MAHWe465YpE?utm_source=OC-AaBlKrqBJJNF&utm_campaign=agent_connector_create_image_asset_opened,,200,200,,,未检查,概念预览已保存；待重绘,True
age2_support,战地医师,age2,v01,age2/age2_support/unit_age2_support_concept_preview_v01.png,,,Canva,https://www.canva.com/M/MAHWe0OYstk?utm_source=OC-AaBlKrqBJJNF&utm_campaign=agent_connector_create_image_asset_opened,https://www.canva.com/M/MAHWe0OYstk?utm_source=OC-AaBlKrqBJJNF&utm_campaign=agent_connector_create_image_asset_opened,,200,200,,,未检查,概念预览已保存；待重绘,True
age3_melee,刺刀步兵,age3,v01,,,,Canva,,,,,,,,未检查,待生成；Canva 生成接口限流,
age3_range,火枪手,age3,v01,,,,Canva,,,,,,,,未检查,待生成；Canva 生成接口限流,
age3_heavy,重炮兵,age3,v01,,,,Canva,,,,,,,,未检查,待生成；Canva 生成接口限流,
age3_grenade,掷弹兵,age3,v01,,,,Canva,,,,,,,,未检查,待生成；Canva 生成接口限流,
age3_antiarmor,穿甲枪手,age3,v01,,,,Canva,,,,,,,,未检查,待生成；Canva 生成接口限流,
age3_support,军旗鼓手,age3,v01,,,,Canva,,,,,,,,未检查,待生成；Canva 生成接口限流,
age4_melee,突击兵,age4,v01,,,,Canva（请求未成功提交）,,,,,,,,未检查,待生成；Canva 生成接口限流,
age4_range,精确射手,age4,v01,,,,Canva（请求未成功提交）,,,,,,,,未检查,待生成；Canva 生成接口限流,
age4_heavy,重装机枪兵,age4,v01,,,,Canva（请求未成功提交）,,,,,,,,未检查,待生成；Canva 生成接口限流,
age4_rocket,火箭筒兵,age4,v01,,,,Canva（请求未成功提交）,,,,,,,,未检查,待生成；Canva 生成接口限流,
age4_vehicle,履带突击车,age4,v01,,,,Canva（请求未成功提交）,,,,,,,,未检查,待生成；Canva 生成接口限流,
age4_support,战地医疗兵,age4,v01,,,,Canva（请求未成功提交）,,,,,,,,未检查,待生成；Canva 生成接口限流,
age5_melee,能量剑士,age5,v01,,,,Canva（请求未成功提交）,,,,,,,,未检查,待生成；Canva 生成接口限流,
age5_range,等离子射手,age5,v01,,,,Canva（请求未成功提交）,,,,,,,,未检查,待生成；Canva 生成接口限流,
age5_heavy,动力装甲兵,age5,v01,,,,Canva（请求未成功提交）,,,,,,,,未检查,待生成；Canva 生成接口限流,
age5_rail,磁轨炮手,age5,v01,,,,Canva（请求未成功提交）,,,,,,,,未检查,待生成；Canva 生成接口限流,
age5_siege,攻城机甲,age5,v01,,,,Canva（请求未成功提交）,,,,,,,,未检查,待生成；Canva 生成接口限流,
age5_support,维修机兵,age5,v01,,,,Canva（请求未成功提交）,,,,,,,,未检查,待生成；Canva 生成接口限流,
